[
    {
        "name": "a good meal",
        "pic": "https://localhost/worshipmate/assets/img/icons/activities/eating/meal.svg"
    },
    {
        "name": "at the restaurant",
        "pic": "https://localhost/worshipmate/assets/img/icons/activities/eating/restaurant.svg"
    },
    {
        "name": "candy",
        "pic": "https://localhost/worshipmate/assets/img/icons/activities/eating/candy.svg"
    },
    {
        "name": "a piece of cheese",
        "pic": "https://localhost/worshipmate/assets/img/icons/activities/eating/cheese.svg"
    },
    {
        "name": "a pack of fries",
        "pic": "https://localhost/worshipmate/assets/img/icons/activities/eating/fries.svg"
    },
    {
        "name": "a fruit basket",
        "pic": "https://localhost/worshipmate/assets/img/icons/activities/eating/fruits.svg"
    },
    {
        "name": "an ice cream",
        "pic": "https://localhost/worshipmate/assets/img/icons/activities/eating/ice-cream.svg"
    },
    {
        "name": "a piece of meat",
        "pic": "https://localhost/worshipmate/assets/img/icons/activities/eating/meat.svg"
    },
    {
        "name": "a pizza slice",
        "pic": "https://localhost/worshipmate/assets/img/icons/activities/eating/pizza.svg"
    },
    {
        "name": "a pack of sushis",
        "pic": "https://localhost/worshipmate/assets/img/icons/activities/eating/sushi.svg"
    }
]